Type,Name,Request Count,Failure Count,Median Response Time,Average Response Time,Min Response Time,Max Response Time,Average Content Size,Requests/s,Failures/s,50%,66%,75%,80%,90%,95%,98%,99%,99.9%,99.99%,100%
GET,/billing/usage,6498,225,7,1546.9689204290644,1.9151230007992126,32327.37983199877,105.95290858725762,54.5877714582766,1.890158291491572,7,58,110,150,380,15000,31000,31000,32000,32000,32000
GET,/builder/analytics/cp-leaderboard,13279,494,8,1686.3985016828958,1.9224640000174986,35220.994811999844,2.7068303336094583,111.55294201207371,4.149947537763718,8,60,110,150,420,19000,31000,32000,32000,35000,35000
GET,/builder/analytics/transit-heatmap,10239,10239,2,63.69642716905838,0.7009959990682546,34306.03213699942,22.0,86.01480331814314,86.01480331814314,2,6,17,29,250,410,530,610,910,34000,34000
,Aggregated,30016,10958,5,1102.6811522714318,0.7009959990682546,35220.994811999844,31.639259061833688,252.15551678849343,92.05490914739842,5,29,78,130,340,660,30000,31000,32000,34000,35000
