Type,Name,Request Count,Failure Count,Median Response Time,Average Response Time,Min Response Time,Max Response Time,Average Content Size,Requests/s,Failures/s,50%,66%,75%,80%,90%,95%,98%,99%,99.9%,99.99%,100%
GET,/billing/usage,1394,178,1700,12632.918383537317,2.2120300000096904,99611.78420299984,97.76327116212339,11.71777793119499,1.4962442408556011,1700,19000,27000,29000,31000,33000,67000,95000,100000,100000,100000
GET,/builder/analytics/cp-leaderboard,2746,283,1500,12099.259542373644,2.145738000763231,100681.57868999879,3.958120903131828,23.08250946848023,2.3788602256299725,1500,15000,27000,29000,31000,33000,69000,96000,101000,101000,101000
GET,/builder/analytics/transit-heatmap,2041,228,1500,12185.76258112347,2.128087000528467,100940.014961001,242.18422341989222,17.156373570709448,1.916537566938635,1500,14000,27000,29000,31000,33000,69000,96000,101000,101000,101000
,Aggregated,6181,689,1500,12248.179316952326,2.128087000528467,100940.014961001,103.77754408671736,51.95666097038467,5.791642033424209,1500,15000,27000,29000,31000,33000,69000,96000,101000,101000,101000
