Type,Name,Request Count,Failure Count,Median Response Time,Average Response Time,Min Response Time,Max Response Time,Average Content Size,Requests/s,Failures/s,50%,66%,75%,80%,90%,95%,98%,99%,99.9%,99.99%,100%
GET,/billing/usage,12239,0,3,4.558737706341711,2.164429002732504,453.19161400038865,109.0,102.77311926054796,0.0,3,3,3,4,5,6,21,38,250,450,450
GET,/builder/analytics/cp-leaderboard,24646,0,3,4.433947450885296,2.17477999831317,451.93190400095773,2.0,206.956965217376,0.0,3,3,3,4,4,6,16,31,320,450,450
GET,/builder/analytics/transit-heatmap,18345,0,3,4.84782194041759,2.201151000917889,454.12205400134553,270.0,154.04631692415657,0.0,3,3,3,4,5,6,21,36,380,450,450
,Aggregated,55230,0,3,4.599072119489334,2.164429002732504,454.12205400134553,114.72918703603115,463.7764014020805,0.0,3,3,3,4,4,6,19,33,330,450,450
