Type,Name,Request Count,Failure Count,Median Response Time,Average Response Time,Min Response Time,Max Response Time,Average Content Size,Requests/s,Failures/s,50%,66%,75%,80%,90%,95%,98%,99%,99.9%,99.99%,100%
GET,/billing/usage,9088,3529,540,649.9655909155058,2.421574999971199,4717.157555000085,74.82834507042253,76.30867126268484,29.63174525594353,540,620,740,920,1500,1800,2400,2800,3900,4700,4700
GET,/builder/analytics/cp-leaderboard,18331,7036,540,655.1926150269466,2.388984001299832,5185.2686179991,9.292782717800447,153.91882184378036,59.078764415080386,540,620,750,940,1500,1800,2500,2800,3900,5200,5200
GET,/builder/analytics/transit-heatmap,14125,5529,540,657.4372421039989,2.656811000633752,6582.624782000494,172.53302654867255,118.60255079064959,46.42502678382312,540,620,750,950,1500,1800,2500,2900,3900,5200,6600
,Aggregated,41544,16094,540,654.8123474152223,2.388984001299832,6582.624782000494,79.13092143269786,348.83004389711476,135.13553645484703,540,620,740,940,1500,1800,2500,2800,3900,5100,6600
